Company,Search Term,Title,Job ID,Location,Posted On,Job URL
Walmart,data scientist,"Senior, Data Scientist",R-2367332,"Grapevine, TX",Posted 6 Days Ago,https://walmart.wd5.myworkdayjobs.com/en-US/WalmartExternal/job/Grapevine-TX/Senior--Data-Scientist_R-2367332-1
Walmart,data scientist,"Senior, Data Scientist",R-2367400,"Grapevine, TX",Posted 6 Days Ago,https://walmart.wd5.myworkdayjobs.com/en-US/WalmartExternal/job/Grapevine-TX/Senior--Data-Scientist_R-2367400
Walmart,data scientist,"Staff, Software Engineer - People.AI",R-2214782,3 Locations,Posted 30+ Days Ago,https://walmart.wd5.myworkdayjobs.com/en-US/WalmartExternal/job/Bentonville-AR/Staff--Software-Engineer---PeopleAI_R-2214782
Walmart,data analyst,"(USA) Solution Consultant III, Solution Consulting,  Gen-AI",R-2283575,3 Locations,Posted 30+ Days Ago,https://walmart.wd5.myworkdayjobs.com/en-US/WalmartExternal/job/Irvine-CA/XMLNAME--USA--Solution-Consultant-III--Solution-Consulting---Gen-AI_R-2283575
Walmart,data analyst,"(USA) Senior, Software Engineer",R-2203945,2 Locations,Posted 30+ Days Ago,https://walmart.wd5.myworkdayjobs.com/en-US/WalmartExternal/job/USA-VIZIO-SERVICES-DALLAS-TX-DALLAS-Home-Office/XMLNAME--USA--Senior--Software-Engineer_R-2203945
Walmart,data analyst,(USA) Senior Product Manager,R-2230286,2 Locations,Posted 30+ Days Ago,https://walmart.wd5.myworkdayjobs.com/en-US/WalmartExternal/job/Irvine-CA/XMLNAME--USA--Senior-Product-Manager_R-2230286
Walmart,data analyst,"Staff, Software Engineer - People.AI",R-2214782,3 Locations,Posted 30+ Days Ago,https://walmart.wd5.myworkdayjobs.com/en-US/WalmartExternal/job/Bentonville-AR/Staff--Software-Engineer---PeopleAI_R-2214782
Walmart,data analyst,Seller Development Representative,R-2332472,8 Locations,Posted 30+ Days Ago,https://walmart.wd5.myworkdayjobs.com/en-US/WalmartExternal/job/Bentonville-AR/Seller-Development-Representative_R-2332472-1
Walmart,data analyst,Senior Product Manager - Identity Spine,R-2179387,5 Locations,Posted Yesterday,https://walmart.wd5.myworkdayjobs.com/en-US/WalmartExternal/job/USA-VIZIO-SERVICES-NEW-YORK-NY-New-York-Home-Office/XMLNAME--USA--Senior-Product-Manager_R-2179387
Walmart,data analyst,"(USA) Manager II, Process Engineer - Supply Chain",R-2354274,"New Caney, TX",Posted 24 Days Ago,https://walmart.wd5.myworkdayjobs.com/en-US/WalmartExternal/job/New-Caney-TX/XMLNAME--USA--Manager-II--Process-Engineer---Supply-Chain_R-2354274-1
Walmart,data analyst,"(USA) Manager II, Quality Engineer - Supply Chain",R-2349193,(USA) TX PALESTINE 06036 REGIONAL,Posted 30+ Days Ago,https://walmart.wd5.myworkdayjobs.com/en-US/WalmartExternal/job/USA-TX-PALESTINE-06036-REGIONAL/XMLNAME--USA--Manager-II--Quality-Engineer---Supply-Chain_R-2349193
Walmart,data analyst,(USA) Quality Engineer,R-2353418,"Sanger, TX",Posted Today,https://walmart.wd5.myworkdayjobs.com/en-US/WalmartExternal/job/Sanger-TX/XMLNAME--USA--Quality-Engineer_R-2353418
Walmart,data analyst,(USA) Quality Engineer - Supply Chain,R-2372224,"New Braunfels, TX",Posted 2 Days Ago,https://walmart.wd5.myworkdayjobs.com/en-US/WalmartExternal/job/New-Braunfels-TX/XMLNAME--USA--Quality-Engineer---Supply-Chain_R-2372224
Walmart,data analyst,Operations Manager - Floor,R-2330659,"Palestine, TX",Posted 30+ Days Ago,https://walmart.wd5.myworkdayjobs.com/en-US/WalmartExternal/job/Palestine-TX/Operations-Manager---Floor_R-2330659
Walmart,data analyst,"(USA) Production Processing Operator - Dairy Plant Milk Truck Receiver (6:00am – 6:30pm, Friday - Sunday) - $23.80/hr.",R-2350677,"Robinson, TX",Posted 30+ Days Ago,https://walmart.wd5.myworkdayjobs.com/en-US/WalmartExternal/job/Robinson-TX/XMLNAME--USA--Production-Processing-Operator---Dairy-Plant-Milk-Truck-Receiver--6-00am---6-30pm--Friday---Sunday-----2380-hr_R-2350677
Walmart,data analyst,"(USA) Production Processing Operator - Dairy Plant Milk Truck Receiver (2:00pm-10:30pm, Mon-Fri) - $22.80/hr.",R-2350759,"Robinson, TX",Posted 30+ Days Ago,https://walmart.wd5.myworkdayjobs.com/en-US/WalmartExternal/job/Robinson-TX/XMLNAME--USA--Production-Processing-Operator---Dairy-Plant-Milk-Truck-Receiver--2-00pm-10-30pm--Mon-Fri-----2280-hr_R-2350759
Walmart,data analyst,"(USA) Operations Manager - Floor (Fashion, Import, Jewelry, Regional, Returns, Sam's, Wm.Com, HMSC)",R-2331874,(USA) TX PALESTINE 06036 REGIONAL,Posted 30+ Days Ago,https://walmart.wd5.myworkdayjobs.com/en-US/WalmartExternal/job/USA-TX-PALESTINE-06036-REGIONAL/XMLNAME--USA--Operations-Manager---Floor--Fashion--Import--Jewelry--Regional--Returns--Sam-s--WmCom--HMSC-_R-2331874-1
Walmart,data analyst,(USA) Operations Manager - Floor,R-2344579,(USA) TX WACO 09153 HOME OFFICE,Posted 30+ Days Ago,https://walmart.wd5.myworkdayjobs.com/en-US/WalmartExternal/job/USA-TX-WACO-09153-HOME-OFFICE/XMLNAME--USA--Operations-Manager---Floor_R-2344579
Walmart,data analyst,"(USA) Operations Manager - Floor (fashion, Import, Jewelry, Regional, Returns, Sam's, Wm.com, Hmsc)",R-2373366,(USA) TX PALESTINE 06036 REGIONAL,Posted 2 Days Ago,https://walmart.wd5.myworkdayjobs.com/en-US/WalmartExternal/job/USA-TX-PALESTINE-06036-REGIONAL/XMLNAME--USA--Operations-Manager---Floor--fashion--Import--Jewelry--Regional--Returns--Sam-s--Wmcom--Hmsc-_R-2373366-1
Walmart,data analyst,"(USA) General Manager (fashion, Import, Jewelry, Regional, Wm.com-7005 Only, Returns)",R-2362131,"Palestine, TX",Posted 17 Days Ago,https://walmart.wd5.myworkdayjobs.com/en-US/WalmartExternal/job/Palestine-TX/XMLNAME--USA--General-Manager--fashion--Import--Jewelry--Regional--Wmcom-7005-Only--Returns-_R-2362131
Walmart,business intelligence,"Senior, Software Engineer",R-2183301,"Dallas, TX",Posted 30+ Days Ago,https://walmart.wd5.myworkdayjobs.com/en-US/WalmartExternal/job/Dallas-TX/Senior--Software-Engineer_R-2183301
Walmart,business intelligence,Seller Development Representative,R-2332472,8 Locations,Posted 30+ Days Ago,https://walmart.wd5.myworkdayjobs.com/en-US/WalmartExternal/job/Bentonville-AR/Seller-Development-Representative_R-2332472-1
Walmart,business intelligence,Power Equipment Operator,R-1075582,US TX DAYTON 06698 REGIONAL,Posted 2 Days Ago,https://walmart.wd5.myworkdayjobs.com/en-US/WalmartExternal/job/US-TX-DAYTON-06698-REGIONAL/Power-Equipment-Operator_R-1075582
Walmart,business intelligence,Team Manager Developmental,R-2372708,"Austin, TX",Posted 2 Days Ago,https://walmart.wd5.myworkdayjobs.com/en-US/WalmartExternal/job/Austin-TX/Team-Manager-Developmental_R-2372708
Walmart,business intelligence,Power Equipment Operator,R-1075583,US TX FORT WORTH 06845 ECOMM WHSE LOGISTICS,Posted 2 Days Ago,https://walmart.wd5.myworkdayjobs.com/en-US/WalmartExternal/job/US-TX-FORT-WORTH-06845-ECOMM-WHSE-LOGISTICS/Power-Equipment-Operator_R-1075583
Walmart,business intelligence,"(USA) Senior Manager, Solution Consulting, Gen-AI",R-2283558,3 Locations,Posted 30+ Days Ago,https://walmart.wd5.myworkdayjobs.com/en-US/WalmartExternal/job/Irvine-CA/XMLNAME--USA--Senior-Manager--Solution-Consulting--Gen-AI_R-2283558-1
Walmart,business intelligence,"(USA) Technician, Low Voltage, Licensed",R-2295524,2 Locations,Posted 30+ Days Ago,https://walmart.wd5.myworkdayjobs.com/en-US/WalmartExternal/job/Georgetown-TX/XMLNAME--USA--Technician--Low-Voltage--Licensed_R-2295524-2
Walmart,business intelligence,"(USA) Manager, Technology Operations",R-2328758,"Dallas, TX",Posted 21 Days Ago,https://walmart.wd5.myworkdayjobs.com/en-US/WalmartExternal/job/Dallas-TX/XMLNAME--USA--Manager--Technology-Operations_R-2328758
Walmart,business intelligence,"(USA) Senior, Software Engineer",R-2186852,(USA) VIZIO SERVICES DALLAS TX DALLAS Home Office,Posted 30+ Days Ago,https://walmart.wd5.myworkdayjobs.com/en-US/WalmartExternal/job/USA-VIZIO-SERVICES-DALLAS-TX-DALLAS-Home-Office/XMLNAME--USA--Senior--Software-Engineer_R-2186852-1
Walmart,business intelligence,"(USA) Staff, Software Engineer",R-2186847,(USA) VIZIO SERVICES DALLAS TX DALLAS Home Office,Posted 30+ Days Ago,https://walmart.wd5.myworkdayjobs.com/en-US/WalmartExternal/job/USA-VIZIO-SERVICES-DALLAS-TX-DALLAS-Home-Office/XMLNAME--USA--Staff--Software-Engineer_R-2186847-1
Walmart,ai engineer,"(USA) Senior, Software Engineer",R-2209612,"Dallas, TX",Posted 30+ Days Ago,https://walmart.wd5.myworkdayjobs.com/en-US/WalmartExternal/job/Dallas-TX/XMLNAME--USA--Senior--Software-Engineer_R-2209612-1
Walmart,ai engineer,"(USA) Senior Manager, Solution Consulting, Gen-AI",R-2283558,3 Locations,Posted 30+ Days Ago,https://walmart.wd5.myworkdayjobs.com/en-US/WalmartExternal/job/Irvine-CA/XMLNAME--USA--Senior-Manager--Solution-Consulting--Gen-AI_R-2283558-1
Walmart,ai engineer,"(USA) Solution Consultant III, Solution Consulting,  Gen-AI",R-2283575,3 Locations,Posted 30+ Days Ago,https://walmart.wd5.myworkdayjobs.com/en-US/WalmartExternal/job/Irvine-CA/XMLNAME--USA--Solution-Consultant-III--Solution-Consulting---Gen-AI_R-2283575
Walmart,ai engineer,"Staff, Software Engineer - People.AI",R-2214782,3 Locations,Posted 30+ Days Ago,https://walmart.wd5.myworkdayjobs.com/en-US/WalmartExternal/job/Bentonville-AR/Staff--Software-Engineer---PeopleAI_R-2214782
Walmart,ai engineer,"Principal, Software Engineer",R-2267531,"Dallas, TX",Posted 30+ Days Ago,https://walmart.wd5.myworkdayjobs.com/en-US/WalmartExternal/job/Dallas-TX/Principal--Software-Engineer_R-2267531-1
Walmart,ai engineer,(USA) Software Engineer II,R-2330934,(USA) VIZIO SERVICES DALLAS TX DALLAS Home Office,Posted 30+ Days Ago,https://walmart.wd5.myworkdayjobs.com/en-US/WalmartExternal/job/USA-VIZIO-SERVICES-DALLAS-TX-DALLAS-Home-Office/XMLNAME--USA--Software-Engineer-II_R-2330934
Walmart,ai engineer,"Senior, Software Engineer",R-2183301,"Dallas, TX",Posted 30+ Days Ago,https://walmart.wd5.myworkdayjobs.com/en-US/WalmartExternal/job/Dallas-TX/Senior--Software-Engineer_R-2183301
Walmart,ai engineer,"Principal, Software Engineer",R-2158762,(USA) VIZIO SERVICES DALLAS TX DALLAS Home Office,Posted 29 Days Ago,https://walmart.wd5.myworkdayjobs.com/en-US/WalmartExternal/job/USA-VIZIO-SERVICES-DALLAS-TX-DALLAS-Home-Office/XMLNAME--USA--Principal--Software-Engineer_R-2158762
Walmart,ai engineer,"Principal, Software Engineer",R-2158815,(USA) VIZIO SERVICES DALLAS TX DALLAS Home Office,Posted 17 Days Ago,https://walmart.wd5.myworkdayjobs.com/en-US/WalmartExternal/job/USA-VIZIO-SERVICES-DALLAS-TX-DALLAS-Home-Office/XMLNAME--USA--Principal--Software-Engineer_R-2158815-1
Walmart,ai engineer,Software Engineer III,R-2231625,"Dallas, TX",Posted 20 Days Ago,https://walmart.wd5.myworkdayjobs.com/en-US/WalmartExternal/job/Dallas-TX/Software-Engineer-III_R-2231625-1
Walmart,ai engineer,"Senior, Software Engineer",R-2293273,"Dallas, TX",Posted 17 Days Ago,https://walmart.wd5.myworkdayjobs.com/en-US/WalmartExternal/job/Dallas-TX/XMLNAME--USA--Senior--Software-Engineer_R-2293273-1
Walmart,ai engineer,"Senior, Software Engineer",R-2360601,"Dallas, TX",Posted 6 Days Ago,https://walmart.wd5.myworkdayjobs.com/en-US/WalmartExternal/job/Dallas-TX/Senior--Software-Engineer_R-2360601
Walmart,ai engineer,"Senior, Software Engineer",R-2360606,"Dallas, TX",Posted 6 Days Ago,https://walmart.wd5.myworkdayjobs.com/en-US/WalmartExternal/job/Dallas-TX/Senior--Software-Engineer_R-2360606
Walmart,ai engineer,(USA) Quality Engineer,R-2353418,"Sanger, TX",Posted Today,https://walmart.wd5.myworkdayjobs.com/en-US/WalmartExternal/job/Sanger-TX/XMLNAME--USA--Quality-Engineer_R-2353418
Walmart,ai engineer,(USA) Software Engineer III,R-2282931,"Dallas, TX",Posted 30+ Days Ago,https://walmart.wd5.myworkdayjobs.com/en-US/WalmartExternal/job/Dallas-TX/XMLNAME--USA--Software-Engineer-III_R-2282931
Walmart,ai engineer,(USA) Software Engineer III,R-2273528,"Dallas, TX",Posted 30+ Days Ago,https://walmart.wd5.myworkdayjobs.com/en-US/WalmartExternal/job/Dallas-TX/XMLNAME--USA--Software-Engineer-III_R-2273528
Walmart,ai engineer,"(USA) Senior, Software Engineer",R-2343237,"Dallas, TX",Posted 20 Days Ago,https://walmart.wd5.myworkdayjobs.com/en-US/WalmartExternal/job/Dallas-TX/XMLNAME--USA--Senior--Software-Engineer_R-2343237
Walmart,ai engineer,(USA) Software Engineer III,R-2342718,"Dallas, TX",Posted 8 Days Ago,https://walmart.wd5.myworkdayjobs.com/en-US/WalmartExternal/job/Dallas-TX/XMLNAME--USA--Software-Engineer-III_R-2342718
Walmart,ai engineer,(USA) Software Engineer III,R-2324619,"Dallas, TX",Posted 30+ Days Ago,https://walmart.wd5.myworkdayjobs.com/en-US/WalmartExternal/job/Dallas-TX/XMLNAME--USA--Software-Engineer-III_R-2324619
Walmart,ai engineer,(USA) Software Engineer III,R-2324592,"Dallas, TX",Posted 30+ Days Ago,https://walmart.wd5.myworkdayjobs.com/en-US/WalmartExternal/job/Dallas-TX/XMLNAME--USA--Software-Engineer-III_R-2324592
Walmart,ai engineer,"(USA) Director, Software Engineering",R-2331779,"Dallas, TX",Posted 30+ Days Ago,https://walmart.wd5.myworkdayjobs.com/en-US/WalmartExternal/job/Dallas-TX/XMLNAME--USA--Director--Software-Engineering_R-2331779
Walmart,ai engineer,(USA) Software Engineer III,R-2335584,(USA) VIZIO SERVICES DALLAS TX DALLAS Home Office,Posted 30+ Days Ago,https://walmart.wd5.myworkdayjobs.com/en-US/WalmartExternal/job/USA-VIZIO-SERVICES-DALLAS-TX-DALLAS-Home-Office/XMLNAME--USA--Software-Engineer-III_R-2335584
Walmart,ai engineer,"(USA) Senior, Software Engineer",R-2359724,(USA) VIZIO SERVICES DALLAS TX DALLAS Home Office,Posted 2 Days Ago,https://walmart.wd5.myworkdayjobs.com/en-US/WalmartExternal/job/USA-VIZIO-SERVICES-DALLAS-TX-DALLAS-Home-Office/XMLNAME--USA--Senior--Software-Engineer_R-2359724
Walmart,ai engineer,"Senior, Data Scientist",R-2367332,"Grapevine, TX",Posted 6 Days Ago,https://walmart.wd5.myworkdayjobs.com/en-US/WalmartExternal/job/Grapevine-TX/Senior--Data-Scientist_R-2367332-1
Walmart,ai engineer,"Senior, Data Scientist",R-2367400,"Grapevine, TX",Posted 6 Days Ago,https://walmart.wd5.myworkdayjobs.com/en-US/WalmartExternal/job/Grapevine-TX/Senior--Data-Scientist_R-2367400
Walmart,ai engineer,(USA) Quality Engineer - Supply Chain,R-2372224,"New Braunfels, TX",Posted 2 Days Ago,https://walmart.wd5.myworkdayjobs.com/en-US/WalmartExternal/job/New-Braunfels-TX/XMLNAME--USA--Quality-Engineer---Supply-Chain_R-2372224
Walmart,ai engineer,"(USA) Manager II, Process Engineer - Supply Chain",R-2354274,"New Caney, TX",Posted 24 Days Ago,https://walmart.wd5.myworkdayjobs.com/en-US/WalmartExternal/job/New-Caney-TX/XMLNAME--USA--Manager-II--Process-Engineer---Supply-Chain_R-2354274-1
Walmart,ai engineer,"(USA) Manager II, Quality Engineer - Supply Chain",R-2349193,(USA) TX PALESTINE 06036 REGIONAL,Posted 30+ Days Ago,https://walmart.wd5.myworkdayjobs.com/en-US/WalmartExternal/job/USA-TX-PALESTINE-06036-REGIONAL/XMLNAME--USA--Manager-II--Quality-Engineer---Supply-Chain_R-2349193
Walmart,ai engineer,"Senior Manager, Divisional Maintenance",R-2347329,"Sealy, TX",Posted 30+ Days Ago,https://walmart.wd5.myworkdayjobs.com/en-US/WalmartExternal/job/Sealy-TX/Senior-Manager--Divisional-Maintenance_R-2347329
Walmart,ai engineer,"Manager, Facilities Maintenance Operations",R-2367365,"Longview, TX",Posted 8 Days Ago,https://walmart.wd5.myworkdayjobs.com/en-US/WalmartExternal/job/Longview-TX/Manager--Facilities-Maintenance-Operations_R-2367365-1
Walmart,ai engineer,"(USA) Manager, Technology Operations",R-2328758,"Dallas, TX",Posted 21 Days Ago,https://walmart.wd5.myworkdayjobs.com/en-US/WalmartExternal/job/Dallas-TX/XMLNAME--USA--Manager--Technology-Operations_R-2328758
Walmart,ai engineer,"Maintenance Inventory Coordinator - Maintenance, Computerized Maintenance Management System Coordinator, Manufacturing - $27.85/hr.",R-2364629,"Robinson, TX",Posted 16 Days Ago,https://walmart.wd5.myworkdayjobs.com/en-US/WalmartExternal/job/Robinson-TX/Maintenance-Inventory-Coordinator---Maintenance--Computerized-Maintenance-Management-System-Coordinator--Manufacturing----2785-hr_R-2364629-1
Walmart,ai engineer,Senior Product Manager - Identity Spine,R-2179387,5 Locations,Posted Yesterday,https://walmart.wd5.myworkdayjobs.com/en-US/WalmartExternal/job/USA-VIZIO-SERVICES-NEW-YORK-NY-New-York-Home-Office/XMLNAME--USA--Senior-Product-Manager_R-2179387
Walmart,ai engineer,(USA) Area Manager Asset Protection - All DC/FC,R-2342313,(USA) TX LANCASTER 07382 ECOMM FULFILLMENT SERVICES,Posted 30+ Days Ago,https://walmart.wd5.myworkdayjobs.com/en-US/WalmartExternal/job/USA-TX-LANCASTER-07382-ECOMM-FULFILLMENT-SERVICES/XMLNAME--USA--Area-Manager-Asset-Protection---All-DC-FC_R-2342313
Walmart,ai engineer,"Exterior Services Technician, DOT Operator  - DS",R-2209942,(USA) TX FRISCO 05866 WM SUPERCENTER,Posted 3 Days Ago,https://walmart.wd5.myworkdayjobs.com/en-US/WalmartExternal/job/USA-TX-FRISCO-05866-WM-SUPERCENTER/Exterior-Services-Technician--DOT-Operator----DS_R-2209942-1
Walmart,ai engineer,"Exterior Services Technician, DOT Operator  - DS",R-2360824,"Wichita Falls, TX",Posted 2 Days Ago,https://walmart.wd5.myworkdayjobs.com/en-US/WalmartExternal/job/Wichita-Falls-TX/Exterior-Services-Technician--DOT-Operator----DS_R-2360824-1
Walmart,ai engineer,"(USA) Service Shop Repair Technician - Sanger, TX",R-2374633,US TX SANGER 06768 MAINTENANCE TRUCKING,Posted Today,https://walmart.wd5.myworkdayjobs.com/en-US/WalmartExternal/job/US-TX-SANGER-06768-MAINTENANCE-TRUCKING/XMLNAME--USA--Service-Shop-Repair-Technician---Sanger--TX_R-2374633
Walmart,ai engineer,Exterior Services Technician,R-2322033,"Allen, TX",Posted 30+ Days Ago,https://walmart.wd5.myworkdayjobs.com/en-US/WalmartExternal/job/Allen-TX/Exterior-Services-Technician_R-2322033-1
Walmart,ai engineer,Exterior Services Technician,R-2285161,(USA) TX SAN ANTONIO 04162 WM SUPERCENTER,Posted 2 Days Ago,https://walmart.wd5.myworkdayjobs.com/en-US/WalmartExternal/job/USA-TX-SAN-ANTONIO-04162-WM-SUPERCENTER/Exterior-Services-Technician_R-2285161-1
Walmart,ai engineer,{},R-2347654,,,https://walmart.wd5.myworkdayjobs.com/en-US/WalmartExternal
Walmart,ai engineer,Exterior Services Technician,R-2353207,(USA) TX ABILENE 00535 WM SUPERCENTER,Posted 10 Days Ago,https://walmart.wd5.myworkdayjobs.com/en-US/WalmartExternal/job/USA-TX-ABILENE-00535-WM-SUPERCENTER/Exterior-Services-Technician_R-2353207
Walmart,ai engineer,Exterior services Technician,R-2360947,"Wichita Falls, TX",Posted 17 Days Ago,https://walmart.wd5.myworkdayjobs.com/en-US/WalmartExternal/job/Wichita-Falls-TX/Exterior-services-Technician_R-2360947-1
Walmart,ai engineer,(USA) Exterior Services Technician,R-2363676,4 Locations,Posted 10 Days Ago,https://walmart.wd5.myworkdayjobs.com/en-US/WalmartExternal/job/Abilene-TX/XMLNAME--USA--Exterior-Services-Technician_R-2363676
Walmart,ai engineer,Exterior Services Technician,R-2369487,(USA) TX SEALY 00437 WM SUPERCENTER,Posted 7 Days Ago,https://walmart.wd5.myworkdayjobs.com/en-US/WalmartExternal/job/USA-TX-SEALY-00437-WM-SUPERCENTER/Exterior-Services-Technician_R-2369487-1
Walmart,ai engineer,Exterior Services Technician,R-2361464,"Sherman, TX",Posted 7 Days Ago,https://walmart.wd5.myworkdayjobs.com/en-US/WalmartExternal/job/Sherman-TX/Exterior-Services-Technician_R-2361464
Walmart,ai engineer,Exterior Services Technician,R-2369467,"Cleveland, TX",Posted 6 Days Ago,https://walmart.wd5.myworkdayjobs.com/en-US/WalmartExternal/job/Cleveland-TX/Exterior-Services-Technician_R-2369467-1
Walmart,ai engineer,"Technician, Low Voltage, Licensed",R-2265793,"Carrollton, TX",Posted 30+ Days Ago,https://walmart.wd5.myworkdayjobs.com/en-US/WalmartExternal/job/Carrollton-TX/Technician--Low-Voltage--Licensed_R-2265793-1
Walmart,ai engineer,"Technician, Low Voltage, Licensed",R-2302709,"Lufkin, TX",Posted 30+ Days Ago,https://walmart.wd5.myworkdayjobs.com/en-US/WalmartExternal/job/Lufkin-TX/Technician--Low-Voltage--Licensed_R-2302709-2
Walmart,ai engineer,"Technician, Low Voltage, Licensed",R-2303682,"Waco, TX",Posted 30+ Days Ago,https://walmart.wd5.myworkdayjobs.com/en-US/WalmartExternal/job/Waco-TX/Technician--Low-Voltage--Licensed_R-2303682-1
Walmart,ai engineer,"Technician, Low Voltage, Licensed",R-2303880,"Longview, TX",Posted 24 Days Ago,https://walmart.wd5.myworkdayjobs.com/en-US/WalmartExternal/job/Longview-TX/Technician--Low-Voltage--Licensed_R-2303880
Walmart,ai engineer,"Technician, Low Voltage, Licensed",R-2329604,2 Locations,Posted 30+ Days Ago,https://walmart.wd5.myworkdayjobs.com/en-US/WalmartExternal/job/San-Angelo-TX/Technician--Low-Voltage--Licensed_R-2329604-1
Walmart,ai engineer,"Technician, Low Voltage, Licensed",R-2338940,2 Locations,Posted 30+ Days Ago,https://walmart.wd5.myworkdayjobs.com/en-US/WalmartExternal/job/Duncan-OK/Technician--Low-Voltage--Licensed_R-2338940-1
Walmart,ai engineer,"Technician, Low Voltage, Licensed",R-2338930,"Texarkana, TX",Posted 30+ Days Ago,https://walmart.wd5.myworkdayjobs.com/en-US/WalmartExternal/job/Texarkana-TX/Technician--Low-Voltage--Licensed_R-2338930-1
Walmart,ai engineer,"(USA) Technician, Low Voltage, Licensed",R-2295524,2 Locations,Posted 30+ Days Ago,https://walmart.wd5.myworkdayjobs.com/en-US/WalmartExternal/job/Georgetown-TX/XMLNAME--USA--Technician--Low-Voltage--Licensed_R-2295524-2
Walmart,ml engineer,"Staff, Software Engineer - People.AI",R-2214782,3 Locations,Posted 30+ Days Ago,https://walmart.wd5.myworkdayjobs.com/en-US/WalmartExternal/job/Bentonville-AR/Staff--Software-Engineer---PeopleAI_R-2214782
Walmart,ml engineer,"(USA) Senior, Software Engineer",R-2209612,"Dallas, TX",Posted 30+ Days Ago,https://walmart.wd5.myworkdayjobs.com/en-US/WalmartExternal/job/Dallas-TX/XMLNAME--USA--Senior--Software-Engineer_R-2209612-1
Walmart,ml engineer,(USA) Software Engineer II,R-2330934,(USA) VIZIO SERVICES DALLAS TX DALLAS Home Office,Posted 30+ Days Ago,https://walmart.wd5.myworkdayjobs.com/en-US/WalmartExternal/job/USA-VIZIO-SERVICES-DALLAS-TX-DALLAS-Home-Office/XMLNAME--USA--Software-Engineer-II_R-2330934
Walmart,ml engineer,"(USA) Senior Manager, Solution Consulting, Gen-AI",R-2283558,3 Locations,Posted 30+ Days Ago,https://walmart.wd5.myworkdayjobs.com/en-US/WalmartExternal/job/Irvine-CA/XMLNAME--USA--Senior-Manager--Solution-Consulting--Gen-AI_R-2283558-1
Walmart,business analyst,Seller Development Representative,R-2332472,8 Locations,Posted 30+ Days Ago,https://walmart.wd5.myworkdayjobs.com/en-US/WalmartExternal/job/Bentonville-AR/Seller-Development-Representative_R-2332472-1
Walmart,business analyst,"(USA) Solution Consultant III, Solution Consulting,  Gen-AI",R-2283575,3 Locations,Posted 30+ Days Ago,https://walmart.wd5.myworkdayjobs.com/en-US/WalmartExternal/job/Irvine-CA/XMLNAME--USA--Solution-Consultant-III--Solution-Consulting---Gen-AI_R-2283575
Walmart,business analyst,(USA) Senior Product Manager,R-2230286,2 Locations,Posted 30+ Days Ago,https://walmart.wd5.myworkdayjobs.com/en-US/WalmartExternal/job/Irvine-CA/XMLNAME--USA--Senior-Product-Manager_R-2230286
Walmart,business analyst,"(USA) Senior, Software Engineer",R-2203945,2 Locations,Posted 30+ Days Ago,https://walmart.wd5.myworkdayjobs.com/en-US/WalmartExternal/job/USA-VIZIO-SERVICES-DALLAS-TX-DALLAS-Home-Office/XMLNAME--USA--Senior--Software-Engineer_R-2203945
Walmart,business analyst,"Area Manager - Transportation Office (Transportation) - Robinson, TX",R-2364895,2 Locations,Posted 15 Days Ago,https://walmart.wd5.myworkdayjobs.com/en-US/WalmartExternal/job/Temple-TX/Area-Manager---Transportation-Office--Transportation----Robinson--TX_R-2364895
Walmart,business analyst,(USA) Area Manager - Transportation Office (transportation),R-2370093,"Palestine, TX",Posted 7 Days Ago,https://walmart.wd5.myworkdayjobs.com/en-US/WalmartExternal/job/Palestine-TX/XMLNAME--USA--Area-Manager---Transportation-Office--transportation-_R-2370093
Walmart,business analyst,(USA) Area Manager - Transportation Office (Transportation),R-2370586,(USA) TX LANCASTER 00455 DISPATCH GROCERY,Posted 6 Days Ago,https://walmart.wd5.myworkdayjobs.com/en-US/WalmartExternal/job/USA-TX-LANCASTER-00455-DISPATCH-GROCERY/XMLNAME--USA--Area-Manager---Transportation-Office--Transportation-_R-2370586
Walmart,business analyst,"(USA) Manager II, Process Engineer - Supply Chain",R-2354274,"New Caney, TX",Posted 24 Days Ago,https://walmart.wd5.myworkdayjobs.com/en-US/WalmartExternal/job/New-Caney-TX/XMLNAME--USA--Manager-II--Process-Engineer---Supply-Chain_R-2354274-1
Walmart,business analyst,Senior Product Manager - Identity Spine,R-2179387,5 Locations,Posted Yesterday,https://walmart.wd5.myworkdayjobs.com/en-US/WalmartExternal/job/USA-VIZIO-SERVICES-NEW-YORK-NY-New-York-Home-Office/XMLNAME--USA--Senior-Product-Manager_R-2179387
Walmart,business analyst,"Senior, Software Engineer",R-2360601,"Dallas, TX",Posted 6 Days Ago,https://walmart.wd5.myworkdayjobs.com/en-US/WalmartExternal/job/Dallas-TX/Senior--Software-Engineer_R-2360601
Walmart,business analyst,"Senior, Software Engineer",R-2360606,"Dallas, TX",Posted 6 Days Ago,https://walmart.wd5.myworkdayjobs.com/en-US/WalmartExternal/job/Dallas-TX/Senior--Software-Engineer_R-2360606
Walmart,business analyst,"(USA) Manager II, Quality Engineer - Supply Chain",R-2349193,(USA) TX PALESTINE 06036 REGIONAL,Posted 30+ Days Ago,https://walmart.wd5.myworkdayjobs.com/en-US/WalmartExternal/job/USA-TX-PALESTINE-06036-REGIONAL/XMLNAME--USA--Manager-II--Quality-Engineer---Supply-Chain_R-2349193
Walmart,business analyst,(USA) Quality Engineer,R-2353418,"Sanger, TX",Posted Today,https://walmart.wd5.myworkdayjobs.com/en-US/WalmartExternal/job/Sanger-TX/XMLNAME--USA--Quality-Engineer_R-2353418
Walmart,business analyst,(USA) Quality Engineer - Supply Chain,R-2372224,"New Braunfels, TX",Posted 2 Days Ago,https://walmart.wd5.myworkdayjobs.com/en-US/WalmartExternal/job/New-Braunfels-TX/XMLNAME--USA--Quality-Engineer---Supply-Chain_R-2372224
Walmart,business analyst,"Staff, Software Engineer - People.AI",R-2214782,3 Locations,Posted 30+ Days Ago,https://walmart.wd5.myworkdayjobs.com/en-US/WalmartExternal/job/Bentonville-AR/Staff--Software-Engineer---PeopleAI_R-2214782
Walmart,business analyst,Operations Manager - Floor,R-2330659,"Palestine, TX",Posted 30+ Days Ago,https://walmart.wd5.myworkdayjobs.com/en-US/WalmartExternal/job/Palestine-TX/Operations-Manager---Floor_R-2330659
Walmart,business analyst,"(USA) Operations Manager - Floor (Fashion, Import, Jewelry, Regional, Returns, Sam's, Wm.Com, HMSC)",R-2331874,(USA) TX PALESTINE 06036 REGIONAL,Posted 30+ Days Ago,https://walmart.wd5.myworkdayjobs.com/en-US/WalmartExternal/job/USA-TX-PALESTINE-06036-REGIONAL/XMLNAME--USA--Operations-Manager---Floor--Fashion--Import--Jewelry--Regional--Returns--Sam-s--WmCom--HMSC-_R-2331874-1
Walmart,business analyst,(USA) Operations Manager - Floor,R-2344579,(USA) TX WACO 09153 HOME OFFICE,Posted 30+ Days Ago,https://walmart.wd5.myworkdayjobs.com/en-US/WalmartExternal/job/USA-TX-WACO-09153-HOME-OFFICE/XMLNAME--USA--Operations-Manager---Floor_R-2344579
Walmart,business analyst,"(USA) Operations Manager - Floor (fashion, Import, Jewelry, Regional, Returns, Sam's, Wm.com, Hmsc)",R-2373366,(USA) TX PALESTINE 06036 REGIONAL,Posted 2 Days Ago,https://walmart.wd5.myworkdayjobs.com/en-US/WalmartExternal/job/USA-TX-PALESTINE-06036-REGIONAL/XMLNAME--USA--Operations-Manager---Floor--fashion--Import--Jewelry--Regional--Returns--Sam-s--Wmcom--Hmsc-_R-2373366-1
Walmart,business analyst,"(USA) General Manager (fashion, Import, Jewelry, Regional, Wm.com-7005 Only, Returns)",R-2362131,"Palestine, TX",Posted 17 Days Ago,https://walmart.wd5.myworkdayjobs.com/en-US/WalmartExternal/job/Palestine-TX/XMLNAME--USA--General-Manager--fashion--Import--Jewelry--Regional--Wmcom-7005-Only--Returns-_R-2362131
Walmart,business analyst,"(USA) Production Processing Operator - Dairy Plant Milk Truck Receiver (6:00am – 6:30pm, Friday - Sunday) - $23.80/hr.",R-2350677,"Robinson, TX",Posted 30+ Days Ago,https://walmart.wd5.myworkdayjobs.com/en-US/WalmartExternal/job/Robinson-TX/XMLNAME--USA--Production-Processing-Operator---Dairy-Plant-Milk-Truck-Receiver--6-00am---6-30pm--Friday---Sunday-----2380-hr_R-2350677
Walmart,business analyst,"(USA) Production Processing Operator - Dairy Plant Milk Truck Receiver (2:00pm-10:30pm, Mon-Fri) - $22.80/hr.",R-2350759,"Robinson, TX",Posted 30+ Days Ago,https://walmart.wd5.myworkdayjobs.com/en-US/WalmartExternal/job/Robinson-TX/XMLNAME--USA--Production-Processing-Operator---Dairy-Plant-Milk-Truck-Receiver--2-00pm-10-30pm--Mon-Fri-----2280-hr_R-2350759
Target,business intelligence,Target Security Specialist,R0000424420,"39739 Lyndon B Johnson Fwy, Dallas,TX 75237-3560",Posted 2 Days Ago,https://target.wd5.myworkdayjobs.com/en-US/targetcareers/job/39739-Lyndon-B-Johnson-Fwy-DallasTX-75237-3560/Target-Security-Specialist_R0000424420
Target,business intelligence,Target Security Specialist,R0000424326,"2417 N Haskell Ave, Dallas,TX 75204-3707",Posted 2 Days Ago,https://target.wd5.myworkdayjobs.com/en-US/targetcareers/job/2417-N-Haskell-Ave-DallasTX-75204-3707/Target-Security-Specialist_R0000424326
Target,business intelligence,Target Security Specialist,R0000424425,"7845 N Macarthur Blvd, Irving,TX 75063-7516",Posted 3 Days Ago,https://target.wd5.myworkdayjobs.com/en-US/targetcareers/job/7845-N-Macarthur-Blvd-IrvingTX-75063-7516/Target-Security-Specialist_R0000424425
Target,business intelligence,"Assets Protection Specialist- Denton, TX",R0000424234,"2755 W University Dr. Ste 1101, Denton,TX 76201-1618",Posted 6 Days Ago,https://target.wd5.myworkdayjobs.com/en-US/targetcareers/job/2755-W-University-Dr-Ste-1101-DentonTX-76201-1618/Assets-Protection-Specialist--Denton--TX_R0000424234
Target,business intelligence,Target Security Specialist,R0000424209,"655 W Illinois Ave, Ste 300, Dallas,TX 75224-1880",Posted 7 Days Ago,https://target.wd5.myworkdayjobs.com/en-US/targetcareers/job/655-W-Illinois-Ave-Ste-300-DallasTX-75224-1880/Target-Security-Specialist_R0000424209
Target,business intelligence,Target Security Specialist,R0000424203,"655 W Illinois Ave, Ste 300, Dallas,TX 75224-1880",Posted 7 Days Ago,https://target.wd5.myworkdayjobs.com/en-US/targetcareers/job/655-W-Illinois-Ave-Ste-300-DallasTX-75224-1880/Target-Security-Specialist_R0000424203
Target,business intelligence,Target Security Specialist,R0000424208,"655 W Illinois Ave, Ste 300, Dallas,TX 75224-1880",Posted 7 Days Ago,https://target.wd5.myworkdayjobs.com/en-US/targetcareers/job/655-W-Illinois-Ave-Ste-300-DallasTX-75224-1880/Target-Security-Specialist_R0000424208-1
Target,business intelligence,"Assets Protection Specialist- Dallas, TX",R0000424114,"3730 Belt Line Rd, Addison, TX 75001-4301",Posted 8 Days Ago,https://target.wd5.myworkdayjobs.com/en-US/targetcareers/job/3730-Belt-Line-Rd-Addison-TX-75001-4301/Assets-Protection-Specialist--Dallas--TX_R0000424114
Target,business intelligence,"Assets Protection Specialist- Grand Prairie, TX",R0000423838,"554 W Interstate 20, Grand Prairie,TX 75052-6932",Posted 10 Days Ago,https://target.wd5.myworkdayjobs.com/en-US/targetcareers/job/554-W-Interstate-20-Grand-PrairieTX-75052-6932/Assets-Protection-Specialist--Grand-Prairie--TX_R0000423838
Target,business intelligence,Target Security Specialist,R0000422921,"150 E Stacy Rd,Ste 2400 Allen,TX 75002-8756",Posted 17 Days Ago,https://target.wd5.myworkdayjobs.com/en-US/targetcareers/job/150-E-Stacy-RdSte-2400-AllenTX-75002-8756/Target-Security-Specialist_R0000422921
Target,business intelligence,Target Security Specialist,R0000422929,"850 Steger Towne Rd, Rockwall,TX 75032-5658",Posted 17 Days Ago,https://target.wd5.myworkdayjobs.com/en-US/targetcareers/job/850-Steger-Towne-Rd-RockwallTX-75032-5658/Target-Security-Specialist_R0000422929-1
Target,business intelligence,Target Security Specialist,R0000422927,"907 W McDermott Dr, Allen,TX 75013-6503",Posted 21 Days Ago,https://target.wd5.myworkdayjobs.com/en-US/targetcareers/job/907-W-McDermott-Dr-AllenTX-75013-6503/Target-Security-Specialist_R0000422927
Target,business intelligence,Target Security Specialist,R0000422785,"554 W Interstate 20, Grand Prairie,TX 75052-6932",Posted 24 Days Ago,https://target.wd5.myworkdayjobs.com/en-US/targetcareers/job/554-W-Interstate-20-Grand-PrairieTX-75052-6932/Target-Security-Specialist_R0000422785
Target,business intelligence,Target Security Specialist,R0000422809,"3909 E 42nd St, Odessa,TX 79762-5939",Posted 24 Days Ago,https://target.wd5.myworkdayjobs.com/en-US/targetcareers/job/3909-E-42nd-St-OdessaTX-79762-5939/Target-Security-Specialist_R0000422809
Target,business intelligence,Target Security Specialist,R0000422133,"13131 Montfort Dr, Dallas,TX 75240-5112",Posted 30+ Days Ago,https://target.wd5.myworkdayjobs.com/en-US/targetcareers/job/13131-Montfort-Dr-DallasTX-75240-5112/Target-Security-Specialist_R0000422133
Target,business intelligence,Target Security Specialist,R0000420813,"2075 Westheimer Rd, Houston,TX 77098-1539",Posted 30+ Days Ago,https://target.wd5.myworkdayjobs.com/en-US/targetcareers/job/2075-Westheimer-Rd-HoustonTX-77098-1539/Target-Security-Specialist_R0000420813-1
Target,business intelligence,Target Security Specialist,R0000420178,"9440 Marsh Ln, Dallas,TX 75220-4924",Posted 30+ Days Ago,https://target.wd5.myworkdayjobs.com/en-US/targetcareers/job/9440-Marsh-Ln-DallasTX-75220-4924/Target-Security-Specialist_R0000420178-1
Target,business intelligence,Target Security Specialist,R0000420091,"18700 Limestone Commercial Dr,Ste 100 Pflugerville,TX 78660-6545",Posted 30+ Days Ago,https://target.wd5.myworkdayjobs.com/en-US/targetcareers/job/18700-Limestone-Commercial-DrSte-100-PflugervilleTX-78660-6545/Target-Security-Specialist_R0000420091
Target,business intelligence,Target Security Specialist,R0000419620,"5270 S State Highway 360, Grand Prairie, TX 75052-8307",Posted 30+ Days Ago,https://target.wd5.myworkdayjobs.com/en-US/targetcareers/job/5270-S-State-Highway-360-Grand-Prairie-TX-75052-8307/Target-Security-Specialist_R0000419620
Target,business intelligence,Target Security Specialist,R0000406397,"5355 W Loop 1604 N, San Antonio, TX 78253-5300",Posted 30+ Days Ago,https://target.wd5.myworkdayjobs.com/en-US/targetcareers/job/5355-W-Loop-1604-N-San-Antonio-TX-78253-5300/Target-Security-Specialist_R0000406397
Adobe,data scientist,Solution Consultant - Data and Insights,R162621,7 Locations,Posted 9 Days Ago,https://adobe.wd5.myworkdayjobs.com/en-US/external_experienced/job/Remote-California/Solution-Consultant---Data-and-Insights_R162621
Adobe,data analyst,"Industry Led Product Specialist, Content Supply Chain",R158915,6 Locations,Posted 30+ Days Ago,https://adobe.wd5.myworkdayjobs.com/en-US/external_experienced/job/New-York/Industry-Led-Product-Specialist--Content-Supply-Chain_R158915
Adobe,ai engineer,Principal AI Technologist,R162555,7 Locations,Posted 22 Days Ago,https://adobe.wd5.myworkdayjobs.com/en-US/external_experienced/job/Remote-California/Principal-AI-Technologist_R162555
Adobe,ai engineer,"Senior Practice Lead, Expert Solution Consultant — Adobe Agent Orchestrator (AO)",R163260,8 Locations,Posted Today,https://adobe.wd5.myworkdayjobs.com/en-US/external_experienced/job/San-Jose/Senior-Practice-Lead--Expert-Solution-Consultant---Adobe-Agent-Orchestrator--AO-_R163260
Adobe,ai engineer,"Senior Mobile Engineer, iOS",R161569,19 Locations,Posted 30+ Days Ago,https://adobe.wd5.myworkdayjobs.com/en-US/external_experienced/job/New-York/Senior-Mobile-Engineer--iOS_R161569
Adobe,ai engineer,"Sr Designer, Creative Cloud Education",R157246,9 Locations,Posted 30+ Days Ago,https://adobe.wd5.myworkdayjobs.com/en-US/external_experienced/job/San-Jose/Sr-Designer--Creative-Cloud-Education_R157246-1
Adobe,ai engineer,Solution Consultant - Data and Insights,R162621,7 Locations,Posted 9 Days Ago,https://adobe.wd5.myworkdayjobs.com/en-US/external_experienced/job/Remote-California/Solution-Consultant---Data-and-Insights_R162621
Adobe,ai engineer,"Head of Customer Engagement, Firefly Enterprise & GenStudio",R162705,7 Locations,Posted Today,https://adobe.wd5.myworkdayjobs.com/en-US/external_experienced/job/San-Jose/Head-of-Customer-Engagement--Firefly-Enterprise---GenStudio_R162705
Adobe,ai engineer,Senior Corporate Account Manager,R163417,10 Locations,Posted Today,https://adobe.wd5.myworkdayjobs.com/en-US/external_experienced/job/Chicago/Senior-Corporate-Account-Manager_R163417
Adobe,ai engineer,Enterprise Account Director,R158522,4 Locations,Posted 30+ Days Ago,https://adobe.wd5.myworkdayjobs.com/en-US/external_experienced/job/Remote-Colorado/Enterprise-Account-Director_R158522
Adobe,ai engineer,Enterprise Sales Account Manager,R163050,9 Locations,Posted 2 Days Ago,https://adobe.wd5.myworkdayjobs.com/en-US/external_experienced/job/Remote-Illinois/Enterprise-Sales-Account-Manager_R163050
Adobe,ai engineer,"Account Director, Enterprise Sales - Healthcare",R162891,5 Locations,Posted 8 Days Ago,https://adobe.wd5.myworkdayjobs.com/en-US/external_experienced/job/Remote-Kentucky/Account-Director--Enterprise-Sales---Healthcare_R162891
Adobe,ai engineer,"Industry Led Product Specialist, Content Supply Chain",R158915,6 Locations,Posted 30+ Days Ago,https://adobe.wd5.myworkdayjobs.com/en-US/external_experienced/job/New-York/Industry-Led-Product-Specialist--Content-Supply-Chain_R158915
Adobe,ml engineer,"Senior Practice Lead, Expert Solution Consultant — Adobe Agent Orchestrator (AO)",R163260,8 Locations,Posted Today,https://adobe.wd5.myworkdayjobs.com/en-US/external_experienced/job/San-Jose/Senior-Practice-Lead--Expert-Solution-Consultant---Adobe-Agent-Orchestrator--AO-_R163260
Adobe,ml engineer,Solution Consultant - Data and Insights,R162621,7 Locations,Posted 9 Days Ago,https://adobe.wd5.myworkdayjobs.com/en-US/external_experienced/job/Remote-California/Solution-Consultant---Data-and-Insights_R162621
Adobe,business analyst,"Industry Led Product Specialist, Content Supply Chain",R158915,6 Locations,Posted 30+ Days Ago,https://adobe.wd5.myworkdayjobs.com/en-US/external_experienced/job/New-York/Industry-Led-Product-Specialist--Content-Supply-Chain_R158915
